{"cameraMode":{"drawMode":0,"name":"Shaded","section":"Shading Mode"},"sceneLighting":true,"audioPlay":false,"sceneViewState":{"showFog":true,"showMaterialUpdate":false,"showSkybox":true,"showFlares":true,"showImageEffects":true,"showParticleSystems":true},"in2DMode":false,"pivot":{"x":-3.325993061065674,"y":-4.395977020263672,"z":-2.503108501434326},"rotation":{"x":-0.19379791617393495,"y":0.7904223203659058,"z":-0.3127844035625458,"w":-0.48973724246025088},"size":16.162872314453126,"orthographic":false}